t,h_ft,vc_kts,theta_deg,phi_deg,alpha_deg,nz,elev_cmd
0,3122.3867,95.9197,6.7119,-0.0996,0.4916,0.9453,0
0.0333,3122.996,95.8449,6.7451,-0.1049,0.5741,0.8978,0
0.0667,3123.601,95.7687,6.879,-0.1223,0.7371,0.9412,0
0.1,3124.2038,95.6911,7.0912,-0.1498,0.9568,0.9991,0
0.1333,3124.8064,95.6114,7.3613,-0.186,1.2096,1.065,0
0.1667,3125.4116,95.5287,7.6712,-0.2298,1.476,1.1339,0
0.2,3126.0218,95.4425,8.0052,-0.2805,1.7404,1.2018,0
0.2333,3126.6394,95.3529,8.3503,-0.3372,1.9913,1.2655,0
0.2667,3127.2667,95.2594,8.6959,-0.3996,2.2204,1.323,0
0.3,3127.9057,95.1619,9.0341,-0.4671,2.4224,1.373,0
0.3333,3128.5581,95.0605,9.3592,-0.5392,2.5948,1.4148,0
0.3667,3129.2253,94.9555,9.6672,-0.6156,2.7367,1.4483,0
0.4,3129.9084,94.8473,9.9561,-0.6957,2.8491,1.4738,0
0.4333,3130.6082,94.7361,10.2251,-0.7791,2.9339,1.492,0
0.4667,3131.3252,94.6222,10.4743,-0.8655,2.9939,1.5035,0
0.5,3132.0597,94.5059,10.705,-0.9543,3.0325,1.5094,0
0.5333,3132.812,94.3873,10.9187,-1.0453,3.0531,1.5106,0
0.5667,3133.5818,94.2668,11.1176,-1.1379,3.0592,1.5081,0
0.6,3134.3691,94.1446,11.3038,-1.232,3.0542,1.5026,0
0.6333,3135.1736,94.0207,11.4795,-1.3271,3.041,1.4951,0
0.6667,3135.995,93.8955,11.6468,-1.4231,3.0223,1.4862,0
0.7,3136.8328,93.769,11.8076,-1.5197,3.0005,1.4765,0
0.7333,3137.6868,93.6411,11.9637,-1.6166,2.9772,1.4665,0
0.7667,3138.5565,93.5121,12.1167,-1.7137,2.9542,1.4565,0
0.8,3139.4416,93.3818,12.2676,-1.8109,2.9324,1.4469,0
0.8333,3140.3417,93.2503,12.4176,-1.908,2.9128,1.4379,0
0.8667,3141.2564,93.1176,12.5674,-2.0049,2.8957,1.4295,0
0.9,3142.1854,92.9836,12.7175,-2.1016,2.8814,1.4218,0
0.9333,3143.1284,92.8485,12.8684,-2.1981,2.8701,1.4149,0
0.9667,3144.0852,92.712,13.0201,-2.2941,2.8617,1.4087,0
1,3145.0555,92.5742,13.1728,-2.3899,2.856,1.4031,0
1.0333,3146.0392,92.4351,13.3264,-2.4852,2.8527,1.3981,0
1.0667,3147.0359,92.2947,13.4809,-2.5802,2.8516,1.3936,0
1.1,3148.0455,92.1529,13.6361,-2.6747,2.8523,1.3895,0
1.1333,3149.0679,92.0098,13.7918,-2.7689,2.8545,1.3857,0
1.1667,3150.1029,91.8653,13.9478,-2.8626,2.8579,1.3822,0
1.2,3151.1503,91.7195,14.1039,-2.956,2.8622,1.3789,0
1.2333,3152.2101,91.5723,14.2599,-3.049,2.8672,1.3756,0
1.2667,3153.282,91.4238,14.4155,-3.1416,2.8726,1.3725,0
1.3,3154.3659,91.2739,14.5706,-3.2339,2.8782,1.3693,0
1.3333,3155.4617,91.1227,14.725,-3.3259,2.8839,1.3661,0
1.3667,3156.5692,90.9703,14.8786,-3.4175,2.8896,1.3629,0
1.4,3157.6883,90.8165,15.0313,-3.5089,2.8951,1.3596,0
1.4333,3158.8189,90.6614,15.183,-3.5999,2.9005,1.3562,0
1.4667,3159.9608,90.5051,15.3335,-3.6907,2.9056,1.3527,0
1.5,3161.1138,90.3475,15.4829,-3.7813,2.9105,1.3492,0
1.5333,3162.2779,90.1887,15.631,-3.8717,2.9152,1.3455,0
1.5667,3163.4527,90.0287,15.778,-3.9619,2.9197,1.3417,0
1.6,3164.6383,89.8675,15.9236,-4.0519,2.9239,1.3379,0
1.6333,3165.8343,89.7051,16.0681,-4.1418,2.928,1.334,0
1.6667,3167.0407,89.5416,16.2112,-4.2316,2.9319,1.33,0
1.7,3168.2573,89.3769,16.3531,-4.3213,2.9357,1.3259,0
1.7333,3169.4839,89.2111,16.4937,-4.4109,2.9394,1.3218,0
1.7667,3170.7203,89.0443,16.6331,-4.5006,2.943,1.3177,0
1.8,3171.9663,88.8763,16.7712,-4.5903,2.9466,1.3135,0
1.8333,3173.2219,88.7073,16.9081,-4.68,2.9502,1.3093,0
1.8667,3174.4867,88.5372,17.0437,-4.7697,2.9538,1.3051,0
1.9,3175.7607,88.3661,17.1781,-4.8596,2.9574,1.3008,0
1.9333,3177.0437,88.194,17.3112,-4.9496,2.961,1.2965,0
1.9667,3178.3354,88.0209,17.4431,-5.0398,2.9647,1.2922,0
2,3179.6357,87.8468,17.5737,-5.1302,2.9684,1.2879,0
2.0333,3180.9445,87.6718,17.7031,-5.2208,2.9722,1.2836,0
2.0667,3182.2615,87.4958,17.8312,-5.3117,2.976,1.2793,0
2.1,3183.5866,87.3189,17.958,-5.4028,2.9799,1.2749,0
2.1333,3184.9196,87.1411,18.0835,-5.4943,2.9839,1.2705,0
2.1667,3186.2603,86.9624,18.2078,-5.586,2.9879,1.2662,0
2.2,3187.6085,86.7829,18.3307,-5.6781,2.992,1.2618,0
2.2333,3188.9641,86.6024,18.4524,-5.7706,2.9961,1.2574,0
2.2667,3190.3269,86.4212,18.5727,-5.8635,3.0003,1.253,0
2.3,3191.6967,86.2391,18.6916,-5.9568,3.0045,1.2486,0
2.3333,3193.0733,86.0562,18.8092,-6.0505,3.0088,1.2442,0
2.3667,3194.4566,85.8724,18.9255,-6.1446,3.0132,1.2398,0
2.4,3195.8464,85.688,19.0403,-6.2393,3.0176,1.2353,0
2.4333,3197.2424,85.5027,19.1538,-6.3343,3.022,1.2309,0
2.4667,3198.6446,85.3167,19.2659,-6.4299,3.0265,1.2265,0
2.5,3200.0528,85.13,19.3767,-6.5259,3.0311,1.222,0
2.5333,3201.4667,84.9425,19.4859,-6.6224,3.0357,1.2175,0
2.5667,3202.8861,84.7544,19.5938,-6.7194,3.0403,1.2131,0
2.6,3204.311,84.5655,19.7003,-6.8169,3.045,1.2086,0
2.6333,3205.7412,84.376,19.8053,-6.9149,3.0497,1.2041,0
2.6667,3207.1764,84.1859,19.9088,-7.0135,3.0545,1.1996,0
2.7,3208.6165,83.9951,20.0109,-7.1125,3.0594,1.1951,0
2.7333,3210.0613,83.8037,20.1116,-7.212,3.0643,1.1906,0
2.7667,3211.5106,83.6117,20.2107,-7.312,3.0692,1.1861,0
2.8,3212.9643,83.4191,20.3084,-7.4125,3.0742,1.1816,0
2.8333,3214.4222,83.2259,20.4046,-7.5134,3.0793,1.1771,0
2.8667,3215.8841,83.0322,20.4993,-7.6149,3.0843,1.1726,0
2.9,3217.3498,82.838,20.5925,-7.7168,3.0895,1.1681,0
2.9333,3218.8192,82.6432,20.6842,-7.8192,3.0947,1.1636,0
2.9667,3220.292,82.448,20.7744,-7.922,3.0999,1.1591,0
3,3221.7682,82.2522,20.863,-8.0253,3.1052,1.1545,0
3.0333,3223.2475,82.056,20.9501,-8.129,3.1106,1.15,0
3.0667,3224.7298,81.8593,21.0357,-8.233,3.116,1.1455,0
3.1,3226.2148,81.6622,21.1197,-8.3375,3.1214,1.141,0
3.1333,3227.7025,81.4647,21.2022,-8.4424,3.127,1.1365,0
3.1667,3229.1926,81.2667,21.2831,-8.5477,3.1325,1.132,0
3.2,3230.6851,81.0684,21.3624,-8.6533,3.1382,1.1275,0
3.2333,3232.1796,80.8697,21.4401,-8.7593,3.1438,1.123,0
3.2667,3233.676,80.6707,21.5163,-8.8656,3.1496,1.1185,0
3.3,3235.1743,80.4713,21.5909,-8.9722,3.1554,1.114,0
3.3333,3236.6741,80.2716,21.6638,-9.0791,3.1613,1.1095,0
3.3667,3238.1754,80.0715,21.7352,-9.1863,3.1672,1.105,0
3.4,3239.6779,79.8712,21.8049,-9.2937,3.1732,1.1005,0
3.4333,3241.1815,79.6707,21.8731,-9.4015,3.1792,1.0961,0
3.4667,3242.6861,79.4698,21.9395,-9.5094,3.1853,1.0916,0
3.5,3244.1914,79.2687,22.0044,-9.6176,3.1915,1.0872,0
3.5333,3245.6973,79.0674,22.0676,-9.726,3.1977,1.0827,0
3.5667,3247.2037,78.8659,22.1291,-9.8347,3.204,1.0783,0
3.6,3248.7103,78.6641,22.189,-9.9435,3.2103,1.0738,0
3.6333,3250.2171,78.462,22.2471,-10.0525,3.2167,1.0694,0
3.6667,3251.7238,78.2598,22.3036,-10.1616,3.2232,1.065,0
3.7,3253.2302,78.0574,22.3584,-10.2709,3.2297,1.0606,0
3.7333,3254.7363,77.8549,22.4114,-10.3804,3.2362,1.0561,0
3.7667,3256.2419,77.6522,22.4627,-10.4899,3.2428,1.0517,0
3.8,3257.7467,77.4493,22.5123,-10.5996,3.2494,1.0473,0
3.8333,3259.2507,77.2464,22.5601,-10.7094,3.2561,1.0429,0
3.8667,3260.7537,77.0434,22.6062,-10.8193,3.2629,1.0386,0
3.9,3262.2555,76.8403,22.6505,-10.9293,3.2697,1.0342,0
3.9333,3263.7559,76.6371,22.693,-11.0393,3.2765,1.0298,0
3.9667,3265.2549,76.4339,22.7337,-11.1495,3.2834,1.0255,0
4,3266.7522,76.2307,22.7726,-11.2596,3.2904,1.0211,0
4.0333,3268.2477,76.0276,22.8097,-11.3699,3.2974,1.0168,0
4.0667,3269.7413,75.8244,22.845,-11.4802,3.3045,1.0125,0
4.1,3271.2327,75.6213,22.8785,-11.5905,3.3117,1.0082,0
4.1333,3272.7219,75.4182,22.9102,-11.7009,3.3189,1.0039,0
4.1667,3274.2086,75.2152,22.94,-11.8113,3.3261,0.9996,0
4.2,3275.6928,75.0123,22.9679,-11.9217,3.3335,0.9954,0
4.2333,3277.1743,74.8095,22.994,-12.0321,3.3409,0.9911,0
4.2667,3278.6529,74.6069,23.0183,-12.1426,3.3483,0.9869,0
4.3,3280.1285,74.4044,23.0406,-12.2531,3.3559,0.9827,0
4.3333,3281.6009,74.2021,23.0611,-12.3635,3.3634,0.9785,0
4.3667,3283.07,74,23.0796,-12.474,3.3711,0.9743,0
4.4,3284.5357,73.7981,23.0963,-12.5845,3.3788,0.9701,0
4.4333,3285.9977,73.5964,23.111,-12.695,3.3866,0.966,0
4.4667,3287.456,73.395,23.1238,-12.8055,3.3944,0.9619,0
4.5,3288.9105,73.1939,23.1347,-12.916,3.4023,0.9578,0
4.5333,3290.3609,72.993,23.1436,-13.0264,3.4103,0.9537,0
4.5667,3291.8072,72.7925,23.1506,-13.1369,3.4183,0.9496,0
4.6,3293.2491,72.5923,23.1556,-13.2474,3.4263,0.9455,0
4.6333,3294.6866,72.3924,23.1586,-13.3578,3.4345,0.9415,0
4.6667,3296.1195,72.1929,23.1596,-13.4683,3.4427,0.9375,0
4.7,3297.5478,71.9938,23.1587,-13.5787,3.4509,0.9335,0
4.7333,3298.9711,71.7951,23.1557,-13.6891,3.4592,0.9295,0
4.7667,3300.3895,71.5968,23.1508,-13.7995,3.4676,0.9255,0
4.8,3301.8027,71.399,23.1438,-13.9099,3.476,0.9216,0
4.8333,3303.2108,71.2017,23.1347,-14.0203,3.4845,0.9177,0
4.8667,3304.6134,71.0048,23.1237,-14.1307,3.493,0.9138,0
4.9,3306.0105,70.8085,23.1106,-14.241,3.5016,0.9099,0
4.9333,3307.4019,70.6126,23.0954,-14.3514,3.5102,0.906,0
4.9667,3308.7876,70.4174,23.0782,-14.4617,3.5189,0.9022,0
5,3310.1674,70.2227,23.0589,-14.572,3.5277,0.8984,0
5.0333,3311.5412,70.0286,23.0375,-14.6823,3.5364,0.8946,0
5.0667,3312.9088,69.8351,23.0141,-14.7925,3.5453,0.8908,0
5.1,3314.2702,69.6422,22.9885,-14.9027,3.5542,0.8871,0
5.1333,3315.6251,69.45,22.9609,-15.0129,3.5631,0.8834,0
5.1667,3316.9736,69.2584,22.9311,-15.1231,3.5721,0.8797,0
5.2,3318.3154,69.0676,22.8993,-15.2333,3.5811,0.876,0
5.2333,3319.6504,68.8775,22.8653,-15.3434,3.5902,0.8723,0
5.2667,3320.9785,68.6881,22.8292,-15.4535,3.5993,0.8687,0
5.3,3322.2997,68.4994,22.7909,-15.5635,3.6084,0.8651,0
5.3333,3323.6137,68.3115,22.7505,-15.6736,3.6176,0.8615,0
5.3667,3324.9205,68.1245,22.708,-15.7836,3.6268,0.858,0
5.4,3326.22,67.9382,22.6633,-15.8935,3.6361,0.8544,0
5.4333,3327.512,67.7528,22.6165,-16.0034,3.6454,0.8509,0
5.4667,3328.7965,67.5683,22.5675,-16.1132,3.6548,0.8475,0
5.5,3330.0732,67.3846,22.5164,-16.223,3.6642,0.844,0
5.5333,3331.3422,67.2018,22.4631,-16.3328,3.6736,0.8406,0
5.5667,3332.6032,67.02,22.4076,-16.4424,3.683,0.8372,0
5.6,3333.8563,66.839,22.3499,-16.5521,3.6925,0.8338,0
5.6333,3335.1012,66.6591,22.2901,-16.6616,3.702,0.8305,0
5.6667,3336.3379,66.4801,22.2281,-16.7711,3.7115,0.8272,0
5.7,3337.5663,66.3022,22.1639,-16.8805,3.7211,0.8239,0
5.7333,3338.7862,66.1253,22.0975,-16.9898,3.7307,0.8206,0
5.7667,3339.9976,65.9493,22.0289,-17.099,3.7403,0.8174,0
5.8,3341.2003,65.7745,21.9582,-17.2081,3.7499,0.8142,0
5.8333,3342.3943,65.6006,21.8852,-17.3172,3.7595,0.811,0
5.8667,3343.5795,65.4278,21.81,-17.4261,3.7692,0.8078,0
5.9,3344.7557,65.2562,21.7326,-17.5349,3.7788,0.8047,0
5.9333,3345.9229,65.0856,21.653,-17.6436,3.7885,0.8016,0
5.9667,3347.0809,64.9162,21.5711,-17.7522,3.7981,0.7985,0
6,3348.2296,64.7479,21.4871,-17.8606,3.8077,0.7955,0
6.0333,3349.3691,64.5808,21.4008,-17.9689,3.8174,0.7924,0
6.0667,3350.4991,64.4149,21.3123,-18.0771,3.827,0.7895,0
6.1,3351.6195,64.2503,21.2215,-18.1851,3.8366,0.7865,0
6.1333,3352.7304,64.0868,21.1286,-18.293,3.8462,0.7835,0
6.1667,3353.8315,63.9247,21.0334,-18.4006,3.8558,0.7806,0
6.2,3354.9229,63.7638,20.936,-18.5081,3.8654,0.7778,0
6.2333,3356.0043,63.6043,20.8364,-18.6155,3.8749,0.7749,0
6.2667,3357.0757,63.4461,20.7345,-18.7226,3.8845,0.7721,0
6.3,3358.1371,63.2892,20.6304,-18.8295,3.894,0.7693,0
6.3333,3359.1883,63.1337,20.5242,-18.9363,3.9035,0.7665,0
6.3667,3360.2292,62.9797,20.4157,-19.0428,3.913,0.7638,0
6.4,3361.2599,62.827,20.305,-19.1491,3.9224,0.7611,0
6.4333,3362.28,62.6758,20.1921,-19.2552,3.9319,0.7584,0
6.4667,3363.2897,62.526,20.077,-19.361,3.9413,0.7558,0
6.5,3364.2888,62.3777,19.9597,-19.4666,3.9507,0.7532,0
6.5333,3365.2773,62.231,19.8403,-19.572,3.96,0.7506,0
6.5667,3366.255,62.0857,19.7186,-19.6771,3.9693,0.748,0
6.6,3367.2218,61.9421,19.5948,-19.782,3.9786,0.7455,0
6.6333,3368.1778,61.7999,19.4688,-19.8865,3.9878,0.7431,0
6.6667,3369.1228,61.6594,19.3406,-19.9908,3.997,0.7406,0
6.7,3370.0567,61.5205,19.2102,-20.0949,4.0061,0.7382,0
6.7333,3370.9795,61.3832,19.0777,-20.1986,4.0152,0.7358,0
6.7667,3371.891,61.2476,18.9431,-20.302,4.0243,0.7335,0
6.8,3372.7913,61.1136,18.8063,-20.4052,4.0332,0.7312,0
6.8333,3373.6802,60.9813,18.6674,-20.508,4.0422,0.7289,0
6.8667,3374.5577,60.8507,18.5263,-20.6105,4.051,0.7266,0
6.9,3375.4237,60.7219,18.3832,-20.7127,4.0598,0.7244,0
6.9333,3376.2782,60.5948,18.2379,-20.8146,4.0686,0.7222,0
6.9667,3377.121,60.4695,18.0906,-20.9161,4.0773,0.7201,0
7,3377.9521,60.3459,17.9411,-21.0173,4.0859,0.718,0
7.0333,3378.7714,60.2242,17.7896,-21.1181,4.0944,0.7159,0
7.0667,3379.5789,60.1043,17.636,-21.2186,4.1028,0.7139,0
7.1,3380.3744,59.9863,17.4804,-21.3188,4.1112,0.7119,0
7.1333,3381.1581,59.8701,17.3227,-21.4185,4.1195,0.7099,0
7.1667,3381.9297,59.7558,17.163,-21.5179,4.1276,0.708,0
7.2,3382.6892,59.6434,17.0012,-21.617,4.1357,0.7061,0
7.2333,3383.4365,59.533,16.8375,-21.7156,4.1436,0.7042,0
7.2667,3384.1717,59.4245,16.6717,-21.8139,4.1515,0.7024,0
7.3,3384.8945,59.3179,16.5039,-21.9118,4.1592,0.7006,0
7.3333,3385.6051,59.2134,16.3342,-22.0093,4.1668,0.6988,0
7.3667,3386.3032,59.1108,16.1625,-22.1064,4.1743,0.6971,0
7.4,3386.989,59.0103,15.9888,-22.2031,4.1817,0.6954,0
7.4333,3387.6622,58.9118,15.8132,-22.2994,4.1889,0.6937,0
7.4667,3388.3229,58.8154,15.6357,-22.3952,4.196,0.6921,0
7.5,3388.971,58.7211,15.4563,-22.4907,4.2029,0.6905,0
7.5333,3389.6064,58.6288,15.2749,-22.5858,4.2097,0.6889,0
7.5667,3390.2291,58.5387,15.0917,-22.6804,4.2163,0.6874,0
7.6,3390.8391,58.4507,14.9066,-22.7746,4.2228,0.6859,0
7.6333,3391.4362,58.3648,14.7197,-22.8684,4.2291,0.6845,0
7.6667,3392.0205,58.2811,14.531,-22.9618,4.2353,0.683,0
7.7,3392.5919,58.1995,14.3404,-23.0547,4.2412,0.6817,0
7.7333,3393.1504,58.1202,14.1481,-23.1472,4.247,0.6803,0
7.7667,3393.6958,58.0431,13.954,-23.2393,4.2526,0.679,0
7.8,3394.2283,57.9681,13.7581,-23.3309,4.2581,0.6777,0
7.8333,3394.7476,57.8955,13.5605,-23.4221,4.2633,0.6765,0
7.8667,3395.2538,57.825,13.3612,-23.5128,4.2684,0.6753,0
7.9,3395.7468,57.7569,13.1602,-23.6031,4.2732,0.6741,0
7.9333,3396.2266,57.691,12.9575,-23.693,4.2779,0.6729,0
7.9667,3396.6931,57.6275,12.7531,-23.7824,4.2823,0.6718,0